Ships,Price,Title,page_num,Vendor
"EU → EU, WW",$113.7,50 x 150ug AL-LAD Blotters [FREE SHIPPING WORLDWID,1,gelatinfowling (0)
CN → WW,$338,♦ 100 Gram - (N-Ethyl-Hexylone) ♦,1,DexusChem (460) (4.87    )
WW → WW,$2079,25C-NBOH - 100 GRAMS [FREE SHIPPING WORLDWIDE],1,MicroDroper (10000) (4.83    )
WW → WW,$499,Etizolam [10 GRAMS] [FREE SHIPPING],1,MicroDroper (10000) (4.83    )
WW → WW,$1040,100 Grams 4f-mph,1,discountRC (50) (4.95    )
GB → GB,$73.9,100x Etizolam Blotters. 1.2mg. New. special offer,1,therealhera (11500) (4.98    )
"EU → EU, ASIA",$298.8,♚25x 4-FA/4-Fluoramfetamine 200mg♚,1,DominoDrugs (660) (4.88    )
CN → WW,$171.6,♦ 10 Gram - (3F-a-PVP) ♦,1,DexusChem (460) (4.87    )
"US → US, WW",$468,10 oz- Lidocaine - Powder - Cut Agent -FE DISCOUNT,1,deepee911 (3750) (4.75    )
WW → WW,$155.9,4-ACO-DMT [2 GRAM] [FREE SHIPPING WORLDWIDE],1,MicroDroper (10000) (4.83    )
CN → WW,$1558,♦ 1 Kg - (N-Ethyl-Hexylone) ♦,1,DexusChem (460) (4.87    )
NL → WW,$107.4,5G 3MMC (MEPHEDRONE) CRYSTALS,1,PachoHerrera (8000) (4.83    )
WW → WW,$52,5F-ADB [MULTI AMOUNTS],1,MicroDroper (10000) (4.83    )
"EU → EU, WW",$101.5,★10x 4-FA / 4-fmp Capsule 200mg★,1,HeinekenExpress (9600) (4.87    )
CN → WW,$924,♦ 500 Gram - (BK-MED) ♦ rep. BK-EBDP,1,DexusChem (460) (4.87    )
EU → WW,$156,10g apvp a-pvp free shipping PROMO,1,PsiloManufacture (2350) (4.56    )
PL → WW,$20.8,Benzocaine | 10g ☆EU☆ Pharmacy Grade,1,BioCanna (1300) (4.84    )
WW → WW,$39.5,MILDRONATE - ENDURANCE DOPING SMART DRUG,1,BANK (9600) (4.79    )
"EU → EU, WW",$59.7,★5x 4-FA / 4-fmp Capsule 200mg★,1,HeinekenExpress (9600) (4.87    )
WW → WW,$286,10 Grams 4f-mph,1,discountRC (50) (4.95    )
"US → US, WW",$208,1 oz Lidocaine -Crystalized Cut Agent,1,deepee911 (3750) (4.75    )
WW → WW,$364,100 Grams BK-EBDP pink/brown/white (Molly),1,discountRC (50) (4.95    )
CN → WW,$884,♦ 100 Gram - (U-4TDP) ♦,1,DexusChem (460) (4.87    )
WW → WW,$520,10 Grams 4-Aco-DMT,1,discountRC (50) (4.95    )
CN → WW,$290,♦ 50 Gram - (UD-PHP) ♦,1,DexusChem (460) (4.87    )
CN → WW,$228.8,♦ 50 Gram - (5F-PHP) ♦ replace A-PHP,1,DexusChem (460) (4.87    )
CN → WW,$102.9,♦ 10 Gram - (A-PPP) ♦,1,DexusChem (460) (4.87    )
PL → WW,$1560,Benzocaine | 5kg ☆EU☆ Pharmacy Grade,1,BioCanna (1300) (4.84    )
WW → WW,$312,5 Grams 4-Aco-DMT,1,discountRC (50) (4.95    )
CN → WW,$915,♦ 100 Gram - (U-50488) ♦,1,DexusChem (460) (4.87    )
PL → WW,$238,Benzocaine | 500g ☆EU☆ Pharmacy Grade,1,BioCanna (1300) (4.84    )
CN → WW,$208,5F-PCN 10gr,1,mosilinni (6) (5.00    )
CN → WW,$726,♦ 250 Gram - (UD-PHP) ♦,2,DexusChem (460) (4.87    )
CN → WW,$404,♦ 100 Gram - (4-MPC) ♦ replace 4-MMC,2,DexusChem (460) (4.87    )
"EU → EU, ASIA",$358,♚30x 4-FA/4-Fluoramfetamine 200mg♚,2,DominoDrugs (660) (4.88    )
CN → WW,$208,4F-PHP 10gr,2,mosilinni (6) (5.00    )
EU → WW,$676,50g hexen ethyl hexedrone hex-en like coke,2,PsiloManufacture (2350) (4.56    )
CN → WW,$234,♦ 50 Gram - (3-CEC) ♦,2,DexusChem (460) (4.87    )
PL → WW,$26,Lidocaine 99.7% HCL | 10g ☆EU☆ Pharmac,2,BioCanna (1300) (4.84    )
CN → WW,$581,♦ 250 Gram - (N-Ethyl-Hexylone) ♦,2,DexusChem (460) (4.87    )
CN → WW,$556,♦ 250 Gram - (3-CEC) ♦,2,DexusChem (460) (4.87    )
CN → WW,$1558,♦ 250 Gram - (3-HO-PCP) ♦,2,DexusChem (460) (4.87    )
EU → WW,$150.8,10 Hexen 10g ethyl hexedrone hex-en like coke,2,PsiloManufacture (2350) (4.56    )
CN → WW,$404,♦ 100 Gram - (5F-PHP) ♦ replace A-PHP,2,DexusChem (460) (4.87    )
WW → WW,$1456,50 Grams 25E-Nboh,2,discountRC (50) (4.95    )
CN → WW,$310.9,♦ 10 Gram - (2F-DCK) ♦,2,DexusChem (460) (4.87    )
"US → US, CA",$290,"250x tabs 170ug Blotters""Be Happy"" USA Ship",2,Viking2018 (70) (4.68    )
EU → WW,$572,50g apvp a-pvp free shipping,2,PsiloManufacture (2350) (4.56    )
CN → WW,$6500,♦ 1 Kg - (U-50488) ♦,2,DexusChem (460) (4.87    )
WW → WW,$122.7,4-ACO-DMT [1 GRAM] [FREE SHIPPING WORLDWIDE],2,MicroDroper (10000) (4.83    )
"US → US, WW",$832,4oz Quinine (dark)- Cutting Agent,2,deepee911 (3750) (4.75    )
WW → WW,$6655,25C-NBOH - 500 GRAMS [FREE SHIPPING WORLDWIDE],2,MicroDroper (10000) (4.83    )
WW → WW,$51.9,4-AcO-DET - 250mg [Free Shipping World Wide],2,MicroDroper (10000) (4.83    )
CN → WW,$611,♦ 50 Gram - (PA-PVP) ♦,2,DexusChem (460) (4.87    )
WW → WW,$1169,4-aco-dmt - 20g (ESCROW - FULL REFUND),2,MicroDroper (10000) (4.83    )
PL → WW,$135,Benzocaine | 250g ☆EU☆ Pharmacy Grade,2,BioCanna (1300) (4.84    )
GB → WW,$2017,500g Hexedrone (4MMC replacement),2,spiceman (840) (4.92    )
"EU → EU, ASIA",$53.7,♚4x 4-FA/4-Fluoramfetamine 200mg♚,2,DominoDrugs (660) (4.88    )
CN → WW,$322,4F-PVP similar to Apvp 10gr sample,2,mosilinni (6) (5.00    )
CN → WW,$4836,♦ 500 Gram - (2F-DCK) ♦,2,DexusChem (460) (4.87    )
CN → WW,$208,HEXEN- ethyl hexedrone 10gr,2,mosilinni (6) (5.00    )
EU → WW,$59.7,3mmc – Pellets 200mg 10,2,DopeMastersNL (180) (4.91    )
WW → WW,$2079,25I-NBOH - 50g [HCL] [100% REFUND],2,MicroDroper (10000) (4.83    )
CN → WW,$145.6,♦ 5 Gram - (U-48800) ♦,2,DexusChem (460) (4.87    )
WW → WW,$468,25 Grams 4f-mph,3,discountRC (50) (4.95    )
WW → WW,$831,4-AcO-DET - 10g [Free Shipping World Wide],3,MicroDroper (10000) (4.83    )
CN → WW,$5460,♦ 1 Kg - (3-HO-PCP) ♦,3,DexusChem (460) (4.87    )
CN → WW,$206.9,♦ 50 Gram - (MDPT / Tbuone) ♦,3,DexusChem (460) (4.87    )
CN → WW,$778,♦ 250 Gram - (5F-PHP) ♦ replace A-PHP,3,DexusChem (460) (4.87    )
AU → AU,$197.6,10 x Purple Tesla N-Ethylhexedrone Pill 100mg NEW!,3,Glaceau (460) (4.89    )
EU → WW,$75.9,5g apvp a-pvp,3,PsiloManufacture (2350) (4.56    )
"EU → EU, WW",$2487,2500 x 150ug AL-LAD Blotters [FREE SHIPPING WORLDW,3,gelatinfowling (0)
WW → WW,$103.9,4-AcO-DET - 500mg [Free Shipping World Wide],3,MicroDroper (10000) (4.83    )
PL → WW,$27,Benzocaine | 18g ☆EU☆ Pharmacy Grade,3,BioCanna (1300) (4.84    )
"EU → EU, ASIA",$896,♚75x 4-FA/4-Fluoramfetamine 200mg♚,3,DominoDrugs (660) (4.88    )
EU → WW,$55.1,3g apvp free shipping,3,PsiloManufacture (2350) (4.56    )
"EU → EU, WW",$1137,1000 x 150ug AL-LAD Blotters [FREE SHIPPING WORLDW,3,gelatinfowling (0)
CN → WW,$134,♦ 10 Gram - (BMDP) ♦,3,DexusChem (460) (4.87    )
WW → WW,$72.8,1g 4-aco-dmt PURE POWDER 98%+,3,littlegoblin (210) (4.68    )
CN → WW,$3118,♦ 500 Gram - (PA-PVP) ♦,3,DexusChem (460) (4.87    )
CN → WW,$223.6,♦ 10 Gram - (PA-PVP) ♦,3,DexusChem (460) (4.87    )
"EU → EU, WW",$14.94,★1x 4-FA / 4-fmp Capsule 200mg★,3,HeinekenExpress (9600) (4.87    )
"US → US, WW",$93.6,1 oz - Lidocaine - Powder - Cut Agent - FE DISCOUN,3,deepee911 (3750) (4.75    )
"EU → EU, ASIA",$179,♚15x 4-FA/4-Fluoramfetamine 200mg♚,3,DominoDrugs (660) (4.88    )
CN → WW,$208,FUB-AMB (AMB-FUBINICA) 10gr,3,mosilinni (6) (5.00    )
CN → WW,$228.8,♦ 50 Gram - (4-CDC) ♦,3,DexusChem (460) (4.87    )
WW → WW,$41.6,0.5g 4-ho-met PURE POWDER 98%+,3,littlegoblin (210) (4.68    )
AU → AU,$36.4,100mg Methylone AKA BK-MDMA,3,CloudOH9 (6800) (4.84    )
WW → WW,$1383,Custom research chemicals,3,MicroDroper (10000) (4.83    )
"EU → EU, WW",$63.9,25 x 150ug AL-LAD Blotters [FREE SHIPPING WORLDWID,3,gelatinfowling (0)
WW → WW,$122.7,4-HO-MET - 1 GRAM [FREE SHIPPING WORLDWIDE],3,MicroDroper (10000) (4.83    )
WW → WW,$29.1,ADB-FUBINACA - 1 GRAM [SHIPPING WORLDWIDE],3,MicroDroper (10000) (4.83    )
GB → WW,$53.7,0.5g A-PHP Pre ban stock limited supply.,3,ResearchNympho (140) (4.72    )
"CA → CA, EU",$187,3-FPM 10 grams,3,LooseLucy (40) (5.00    )
CN → WW,$310.9,♦ 100 Gram - (3-CEC) ♦,3,DexusChem (460) (4.87    )
"EU → EU, WW",$710,500 x 150ug AL-LAD Blotters [FREE SHIPPING WORLDWI,3,gelatinfowling (0)
CN → WW,$145.6,♦ 10 Gram - (4-MPC) ♦ replace 4-MMC,4,DexusChem (460) (4.87    )
EU → WW,$4368,500 apvp,4,PsiloManufacture (2350) (4.56    )
CN → WW,$300,♦ 50 Gram - (4-MPC) ♦ replace 4-MMC,4,DexusChem (460) (4.87    )
CN → WW,$518,♦ 250 Gram - (MDPT / Tbuone) ♦,4,DexusChem (460) (4.87    )
CN → WW,$208,Dibutylone 10gr,4,mosilinni (6) (5.00    )
PL → WW,$61.3,Benzocaine | 100g ☆EU☆ Pharmacy Grade,4,BioCanna (1300) (4.84    )
CN → WW,$577,♦ 250 Gram - (BK-MED) ♦ rep. BK-EBDP,4,DexusChem (460) (4.87    )
GB → WW,$336,50g Hexedrone (4MMC replacement),4,spiceman (840) (4.92    )
CN → WW,$1350,♦ 500 Gram - (UD-PHP) ♦,4,DexusChem (460) (4.87    )
"US → US, WW",$520,10 oz- Lidocaine - Powder - Cut Agent,4,deepee911 (3750) (4.75    )
"US → US, WW",$936,10 oz Lidocaine -Crystalized Cut Agent -FE DISCOUN,4,deepee911 (3750) (4.75    )
CN → WW,$300,♦ 50 Gram - (BK-MED) ♦ rep. BK-EBDP,4,DexusChem (460) (4.87    )
CN → WW,$2444,♦ 1 Kg - (UD-PHP) ♦,4,DexusChem (460) (4.87    )
CN → WW,$1820,♦ 250 Gram - (U-50488) ♦,4,DexusChem (460) (4.87    )
CN → WW,$206.9,♦ 50 Gram - (BMDP) ♦,4,DexusChem (460) (4.87    )
CN → WW,$3014,♦ 500 Gram - (3-HO-PCP) ♦,4,DexusChem (460) (4.87    )
US → US,$156,DMC (Dimethocaine) 10g,4,TokugawaShogunate (700) (4.93    )
"US → US, WW",$104,1 oz - Lidocaine - Powder - Cut Agent,4,deepee911 (3750) (4.75    )
PL → WW,$1638,Lidocaine 99.7% HCL | 5kg ☆EU☆ Pharma,4,BioCanna (1300) (4.84    )
WW → WW,$155.9,4-HO-MET - 2 GRAMS [FREE SHIPPING WORLDWIDE],4,MicroDroper (10000) (4.83    )
WW → WW,$592,4-HO-MET - 10 GRAMS [FREE SHIPPING WORLDWIDE],4,MicroDroper (10000) (4.83    )
CN → WW,$400,♦ 100 Gram - (A-PPP) ♦,4,DexusChem (460) (4.87    )
CN → WW,$109,♦ 10 Gram - (4-CDC) ♦,4,DexusChem (460) (4.87    )
CN → WW,$468,♦ 250 Gram - (4-CDC) ♦,4,DexusChem (460) (4.87    )
EU → WW,$925,100g hexen ethyl hexedrone hex-en cocaine coke,4,PsiloManufacture (2350) (4.56    )
"EU → EU, WW",$198.9,100 x 150ug AL-LAD Blotters [FREE SHIPPING WORLDWI,4,gelatinfowling (0)
WW → WW,$124.8,4-FEA POWDER [GREAT EMPATHOGEN] [MULTI AMOUNTS],4,MicroDroper (10000) (4.83    )
PL → WW,$32.2,Lidocaine 99.7% HCL | 18g ☆EU☆ Pharmac,4,BioCanna (1300) (4.84    )
CN → WW,$300,♦ 50 Gram - (A-PPP) ♦,4,DexusChem (460) (4.87    )
WW → WW,$3223,3-Methoxyphencyclidine (3-MeO-PCP) ♝ - 100g,4,MicroDroper (10000) (4.83    )
PL → WW,$2392,Benzocaine | 10kg ☆EU☆ Pharmacy Grade,4,BioCanna (1300) (4.84    )
AU → AU,$36.4,50mg of A-PVP (alpha-Pyrrolidinovalerophenone),4,CloudOH9 (6800) (4.84    )
WW → WW,$332.7,25C-NBOH - 5 GRAMS [FREE SHIPPING WORLDWIDE],5,MicroDroper (10000) (4.83    )
CN → WW,$1747,4-HO-MET- 50 Grams,5,trippyagenda (24) (5.00    )
CN → WW,$1454,♦ 1 Kg - (MDPT / Tbuone) ♦,5,DexusChem (460) (4.87    )
WW → WW,$188,MicroDroper Super Tryptamine Pack [250mg],5,MicroDroper (10000) (4.83    )
CN → WW,$518,♦ 250 Gram - (BMDP) ♦,5,DexusChem (460) (4.87    )
WW → WW,$3951,25C-NBOH - 250 GRAMS [FREE SHIPPING WORLDWIDE],5,MicroDroper (10000) (4.83    )
WW → WW,$488,MicroDroper's Super Lysergamides Pack [X25],5,MicroDroper (10000) (4.83    )
PL → WW,$416,Lidocaine 99.7% HCL | 1kg ☆EU☆ Pharmac,5,BioCanna (1300) (4.84    )
PL → WW,$2912,Lidocaine 99.7% HCL | 10kg ☆EU☆ Pharma,5,BioCanna (1300) (4.84    )
CN → WW,$310.9,♦ 100 Gram - (MDPT / Tbuone) ♦,5,DexusChem (460) (4.87    )
PL → WW,$156,Lidocaine 99.7% HCL | 250g ☆EU☆ Pharma,5,BioCanna (1300) (4.84    )
WW → WW,$514,MicroDroper Super Tryptamine Pack [1g],5,MicroDroper (10000) (4.83    )
GB → WW,$201.7,25g Hexedrone (4MMC replacement),5,spiceman (840) (4.92    )
"CA → CA, EU",$46.8,3-FPM 2 grams,5,LooseLucy (40) (5.00    )
CN → WW,$9204,♦ 1 Kg - (2F-DCK) ♦,5,DexusChem (460) (4.87    )
"EU → EU, ASIA",$119.5,♚10x 4-FA/4-Fluoramfetamine 200mg♚,5,DominoDrugs (660) (4.88    )
CN → WW,$369,♦ 100 Gram - (UD-PHP) ♦,5,DexusChem (460) (4.87    )
CN → WW,$934,♦ 500 Gram - (3-CEC) ♦,5,DexusChem (460) (4.87    )
US → US,$31.2,DMC (Dimethocaine) 1g,5,TokugawaShogunate (700) (4.93    )
US → WW,$8.32,2018 Print USPS FEDEX UPS DHL Shipping Labels ANON,5,BitcoinFrauder (14000) (4.80    )
GB → WW,$26.87,0.2g A-PHP Pre ban stock limited supply.,5,ResearchNympho (140) (4.72    )
CN → WW,$946,4-HO-MET- 25 Grams,5,trippyagenda (24) (5.00    )
EU → WW,$1434,3 MMC (Mephedrome) 100g,5,DopeMastersNL (180) (4.91    )
CN → WW,$5980,♦ 1 Kg - (PA-PVP) ♦,5,DexusChem (460) (4.87    )
GB → WW,$33.6,4 - MPD ( 4MMC replacement ) 2g,5,spiceman (840) (4.92    )
EU → WW,$278.7,20g HEXEN - ethyl hexedrone hex-en Promo Price F,5,PsiloManufacture (2350) (4.56    )
CN → WW,$1716,♦ 250 Gram - (U-48800) ♦,5,DexusChem (460) (4.87    )
"EU → EU, WW",$4264,5000 x 150ug AL-LAD Blotters [FREE SHIPPING WORLDW,5,gelatinfowling (0)
CN → WW,$1404,♦ 100 Gram - (2F-DCK) ♦,5,DexusChem (460) (4.87    )
WW → WW,$1351,25C-NBOH - 50 GRAMS [FREE SHIPPING WORLDWIDE],5,MicroDroper (10000) (4.83    )
"EU → EU, ASIA",$65.7,♚5x 4-FA/4-Fluoramfetamine 200mg♚,5,DominoDrugs (660) (4.88    )
CN → WW,$310.9,♦ 100 Gram - (BMDP) ♦,5,DexusChem (460) (4.87    )
WW → WW,$103998,ALL OUR RC'S CHEMICALS LIST,6,MicroDroper (10000) (4.83    )
"US → US, WW",$187,1 oz Lidocaine -Crystalized Cut Agent -FE DISCOUNT,6,deepee911 (3750) (4.75    )
PL → WW,$728,1kg Benzocaine + 1kg Lidocaine | 2kg in total,6,BioCanna (1300) (4.84    )
CN → WW,$858,♦ 500 Gram - (BMDP) ♦,6,DexusChem (460) (4.87    )
"EU → EU, ASIA",$597,♚50x 4-FA/4-Fluoramfetamine 200mg♚,6,DominoDrugs (660) (4.88    )
CN → WW,$206.9,♦ 10 Gram - (U-50488) ♦,6,DexusChem (460) (4.87    )
WW → WW,$4.149,$249+ Purchase on eBay for FREE NO RISK Delivery,6,MoneyMakerBoss (15000) (4.64    )
WW → WW,$2079,Custom for fe***********us,6,MicroDroper (10000) (4.83    )
"CA → CA, EU",$104,3-FPM 5 grams,6,LooseLucy (40) (5.00    )
CN → WW,$290,♦ 50 Gram - (N-Ethyl-Hexylone) ♦,6,DexusChem (460) (4.87    )
CN → WW,$1350,♦ 500 Gram - (4-MPC) ♦ replace 4-MMC,6,DexusChem (460) (4.87    )
US → WW,$6.22,2018 PERSONAL FULLPROOF BITCOIN WASHING METHOD,6,BitcoinFrauder (14000) (4.80    )
PL → WW,$15.6,Lidocaine 99.7% HCL | 5g ☆EU☆ Pharmacy,6,BioCanna (1300) (4.84    )
CN → WW,$6500,♦ 1 Kg - (U-48800) ♦,6,DexusChem (460) (4.87    )
CN → WW,$934,♦ 100 Gram - (PA-PVP) ♦,6,DexusChem (460) (4.87    )
CN → WW,$1558,♦ 1 Kg - (BK-MED) ♦ rep. BK-EBDP,6,DexusChem (460) (4.87    )
WW → WW,$592,4-ACO-DMT [10 GRAM] [FREE SHIPPING WORLDWIDE],6,MicroDroper (10000) (4.83    )
US → US,$88.4,DMC (Dimethocaine) 5g,6,TokugawaShogunate (700) (4.93    )
GB → WW,$1074,250g Hexedrone (4MMC replacement),6,spiceman (840) (4.92    )
CN → WW,$3484,♦ 500 Gram - (U-50488) ♦,6,DexusChem (460) (4.87    )
CN → WW,$893,♦ 500 Gram - (N-Ethyl-Hexylone) ♦,6,DexusChem (460) (4.87    )
AU → AU,$65.4,3 x Purple Tesla N-Ethylhexedrone Pill 100mg NEW!,6,Glaceau (460) (4.89    )
"EU → EU, ASIA",$29.88,♚3x 4-FA/4-Fluoramfetamine 200mg♚,6,DominoDrugs (660) (4.88    )
WW → WW,$187,MicroDroper's Super Lysergamides Pack [X5],6,MicroDroper (10000) (4.83    )
EU → WW,$21.49,3 MMC (Mephedrome) 1g,6,DopeMastersNL (180) (4.91    )
WW → WW,$234,2C-T [1 GRAM] [VERY LIMITED],6,MicroDroper (10000) (4.83    )
CN → WW,$310.9,♦ 10 Gram - (3-HO-PCP) ♦,6,DexusChem (460) (4.87    )
WW → WW,$467.9,25C-NBOH - 10 GRAMS [FREE SHIPPING WORLDWIDE],6,MicroDroper (10000) (4.83    )
GB → WW,$20.17,4 - MPD ( 4MMC replacement ) 1g,6,spiceman (840) (4.92    )
CN → WW,$3380,♦ 1 Kg - (3F-a-PVP) ♦,6,DexusChem (460) (4.87    )
WW → WW,$3639,4-HO-MET - 100 GRAMS [FREE SHIPPING WORLDWIDE],6,MicroDroper (10000) (4.83    )
CN → WW,$2557,♦ 250 Gram - (2F-DCK) ♦,6,DexusChem (460) (4.87    )
"US → US, WW",$1040,10 oz Lidocaine -Crystalized Cut Agent,7,deepee911 (3750) (4.75    )
WW → WW,$280.7,MicroDroper Super Tryptamine Pack [500mg],7,MicroDroper (10000) (4.83    )
WW → WW,$363.9,4-ACO-DMT [5 GRAM] [FREE SHIPPING WORLDWIDE],7,MicroDroper (10000) (4.83    )
CN → WW,$3328,♦ 500 Gram - (U-48800) ♦,7,DexusChem (460) (4.87    )
CN → WW,$310.9,♦ 50 Gram - (3F-a-PVP) ♦,7,DexusChem (460) (4.87    )
CN → WW,$873,♦ 100 Gram - (U-48800) ♦,7,DexusChem (460) (4.87    )
WW → WW,$519,4-AcO-DET - 5g [Free Shipping World Wide],7,MicroDroper (10000) (4.83    )
CN → WW,$1766,♦ 1 Kg - (3-CEC) ♦,7,DexusChem (460) (4.87    )
WW → WW,$363.9,4-HO-MET - 5 GRAMS [FREE SHIPPING WORLDWIDE],7,MicroDroper (10000) (4.83    )
"EU → EU, ASIA",$239,♚20x 4-FA/4-Fluoramfetamine 200mg♚,7,DominoDrugs (660) (4.88    )
NL → WW,$1671,100G 3MMC ( MEPHEDRONE ) CRYSTALS,7,PachoHerrera (8000) (4.83    )
CN → WW,$1820,♦ 250 Gram - (U-4TDP) ♦,7,DexusChem (460) (4.87    )
"CA → CA, EU",$15.6,3-FPM 500mg,7,LooseLucy (40) (5.00    )
CN → WW,$2078,♦ 1 Kg- (4-MPC) ♦ replace 4-MMC,7,DexusChem (460) (4.87    )
CN → WW,$338,♦ 100 Gram - (BK-MED) ♦ rep. BK-EBDP,7,DexusChem (460) (4.87    )
CN → WW,$934,♦ 100 Gram - (3-HO-PCP) ♦,7,DexusChem (460) (4.87    )
CN → WW,$206.9,♦ 10 Gram - (U-48800) ♦,7,DexusChem (460) (4.87    )
WW → WW,$187,4-AcO-DET - 1g [Free Shipping World Wide],7,MicroDroper (10000) (4.83    )
FR → WW,$77.7,♥1g cocaine french,7,mrnice (2100) (4.88    )
"CA → CA, EU",$26,3-FPM 1 gram,7,LooseLucy (40) (5.00    )
GB → WW,$53.7,4 - MPD ( 4MMC replacement ) 7g,7,spiceman (840) (4.92    )
CN → WW,$332.8,♦ 100 Gram - (4-CDC) ♦,7,DexusChem (460) (4.87    )
CN → WW,$130,4-HO-MET- 1 Gram,7,trippyagenda (24) (5.00    )
CN → WW,$988,♦ 250 Gram - (3F-a-PVP) ♦,7,DexusChem (460) (4.87    )
DE → EU,$0.001195,"ADVERTISEMENT Zigaretten, Cigarettes für ab 28€",7,Dm.Smoker (80) (4.96    )
PL → WW,$384.8,Benzocaine | 1kg ☆EU☆ Pharmacy Grade,7,BioCanna (1300) (4.84    )
SE → SE,$34.5,3-CMC 1 GRAM,7,Kristallkungen (0)
"EU → EU, ASIA",$28.7,♚2x 4-FA/4-Fluoramfetamine 200mg♚,7,DominoDrugs (660) (4.88    )
EU → WW,$126.8,aPvP 7g apvp a-pvp free shipping,7,PsiloManufacture (2350) (4.56    )
CN → WW,$504,♦ 50 Gram - (U-48800) ♦,7,DexusChem (460) (4.87    )
AU → AU,$23.17,1 x Purple Tesla N-Ethylhexedrone Pill 100mg NEW!,7,Glaceau (460) (4.89    )
EU → WW,$55.1,3g HEXEN - ethyl hexedrone hex-en cocaine coke,7,PsiloManufacture (2350) (4.56    )
CN → WW,$218,♦ 10 Gram - (U-4TDP) ♦,8,DexusChem (460) (4.87    )
EU → WW,$35.8,6-APB powder 1g,8,DopeMastersNL (180) (4.91    )
CN → WW,$518,♦ 100 Gram - (3F-a-PVP) ♦,8,DexusChem (460) (4.87    )
CN → WW,$820,♦ 50 Gram - (2F-DCK) ♦,8,DexusChem (460) (4.87    )
CN → WW,$858,♦ 500 Gram - (MDPT / Tbuone) ♦,8,DexusChem (460) (4.87    )
CN → WW,$140.4,♦ 10 Gram - (BK-MED) ♦ rep. BK-EBDP,8,DexusChem (460) (4.87    )
CN → WW,$603,♦ 50 Gram - (U-50488) ♦,8,DexusChem (460) (4.87    )
WW → WW,$3639,4-ACO-DMT [100 GRAM] [FREE SHIPPING WORLDWIDE],8,MicroDroper (10000) (4.83    )
CN → WW,$778,♦ 250 Gram - (4-MPC) ♦ replace 4-MMC,8,DexusChem (460) (4.87    )
PL → WW,$46.8,"Benzocaine | 50g ☆EU☆, Pharmacy Grade",8,BioCanna (1300) (4.84    )
CN → WW,$1454,♦ 1 Kg - (BMDP) ♦,8,DexusChem (460) (4.87    )
CN → WW,$624,♦ 500 Gram - (4-CDC) ♦,8,DexusChem (460) (4.87    )
CN → WW,$3484,♦ 500 Gram - (U-4TDP) ♦,8,DexusChem (460) (4.87    )
"EU → EU, ASIA",$14.94,♚1x 4-FA/4-Fluoramfetamine 200mg♚,8,DominoDrugs (660) (4.88    )
CN → WW,$134,♦ 10 Gram - (3-CEC) ♦,8,DexusChem (460) (4.87    )
NL → WW,$47.7,2G 3MMC ( MEPHEDRONE ) CRYSTALS,8,PachoHerrera (8000) (4.83    )
CN → WW,$2340,♦ 1 Kg - (5F-PHP) ♦ replace A-PHP,8,DexusChem (460) (4.87    )
CN → WW,$134,♦ 10 Gram - (N-Ethyl-Hexylone) ♦,8,DexusChem (460) (4.87    )
NL → WW,$203,10G 3MMC ( MEPHEDRONE ) CRYSTALS,8,PachoHerrera (8000) (4.83    )
WW → WW,$935,4-HO-MET - 20 GRAMS [FREE SHIPPING WORLDWIDE],8,MicroDroper (10000) (4.83    )
PL → WW,$270,Lidocaine 99.7% HCL | 500g ☆EU☆ Pharma,8,BioCanna (1300) (4.84    )
SE → SE,$115,3-CMC 5 GRAM,8,Kristallkungen (0)
GB → WW,$33.6,2g Hexedrone (4MMC replacement),8,spiceman (840) (4.92    )
CN → WW,$603,♦ 50 Gram - (U-4TDP) ♦,8,DexusChem (460) (4.87    )
CN → WW,$1092,♦ 1 Kg - (4-CDC) ♦,8,DexusChem (460) (4.87    )
CN → WW,$1974,♦ 1 Kg - (A-PPP) ♦,8,DexusChem (460) (4.87    )
"SE → SE, WW",$57.4,1g 6-APB Pulver,8,knarkcentralenSWEDEN (0)
WW → WW,$2079,4-HO-MET - 50 GRAMS [FREE SHIPPING WORLDWIDE],8,MicroDroper (10000) (4.83    )
FR → WW,$77.7,♥1g cocaine french,8,mrnice (2100) (4.88    )
"EU → EU, ASIA",$1074,♚100x 4-FA/4-Fluoramfetamine 200mg♚,8,DominoDrugs (660) (4.88    )
CN → WW,$1404,♦ 500 Gram - (A-PPP) ♦,8,DexusChem (460) (4.87    )
EU → WW,$55.1,3g apvp free shipping,8,PsiloManufacture (2350) (4.56    )
"CA → CA, EU",$67.6,3-FPM 3.5 gram,9,LooseLucy (40) (5.00    )
EU → WW,$82,5g HEXEN - ethyl hexedrone hex-en Promo Price FR,9,PsiloManufacture (2350) (4.56    )
"EU → EU, WW",$426,250 x 150ug AL-LAD Blotters [FREE SHIPPING WORLDWI,9,gelatinfowling (0)
NL → WW,$477,25G 3MMC ( MEPHEDRONE ) CRYSTALS,9,PachoHerrera (8000) (4.83    )
WW → WW,$41.6,0.5g 4-aco-dmt PURE POWDER 98%+,9,littlegoblin (210) (4.68    )
NL → WW,$836,50G 3MMC ( MEPEHEDRONE ) CRYSTALS,9,PachoHerrera (8000) (4.83    )
WW → WW,$119.5,O-PCE [SPECIAL FOR UK],9,MicroDroper (10000) (4.83    )
"SE → SE, WW",$57.4,1g 6-APB Pulver,9,knarkcentralenSWEDEN (0)
CN → WW,$1350,♦ 500 Gram - (5F-PHP) ♦ replace A-PHP,9,DexusChem (460) (4.87    )
EU → WW,$2078,apvp 250g apvp a-pvp free shipping,9,PsiloManufacture (2350) (4.56    )
CN → WW,$884,4-AcO-DMT- 25 Grams,9,trippyagenda (24) (5.00    )
"EU → EU, WW",$418,50x 4fa / 4fmp capsule 200mg,9,HeinekenExpress (9600) (4.87    )
CN → WW,$134,♦ 10 Gram - (MDPT / Tbuone) ♦,9,DexusChem (460) (4.87    )
GB → GB,$20.17,20x Etizolam Blotters. 1.2mg. New. special offer,9,therealhera (11500) (4.98    )
SE → SE,$201,3-CMC 10 GRAM,9,Kristallkungen (0)
WW → WW,$831,25C-NBOH - 25 GRAMS [FREE SHIPPING WORLDWIDE],9,MicroDroper (10000) (4.83    )
CN → WW,$1716,♦ 250 Gram - (PA-PVP) ♦,9,DexusChem (460) (4.87    )
CN → WW,$1612,4-AcO-DMT- 50 Grams,9,trippyagenda (24) (5.00    )
WW → WW,$72.8,1g 4-ho-met PURE POWDER 98%+,9,littlegoblin (210) (4.68    )
WW → WW,$395,10 Grams O-PCE,9,discountRC (50) (4.95    )
GB → GB,$40.3,50x Etizolam Blotters. 1.2mg. New. special offer,9,therealhera (11500) (4.98    )
EU → WW,$1019,100g apvp a-pvp,9,PsiloManufacture (2350) (4.56    )
WW → WW,$1924,50 Grams 4-Aco-DMT,9,discountRC (50) (4.95    )
CN → WW,$1870,♦ 500 Gram - (3F-a-PVP) ♦,9,DexusChem (460) (4.87    )
CN → WW,$312,♦ 50 Gram - (Deca Durabolin) ♦,9,DexusChem (460) (4.87    )
GB → WW,$107.4,10g Hexedrone (4MMC replacement),9,spiceman (840) (4.92    )
FR → WW,$77.7,♥1g cocaine french,9,mrnice (2100) (4.88    )
CN → WW,$508,♦ 50 Gram - (3-HO-PCP) ♦,9,DexusChem (460) (4.87    )
WW → WW,$2079,4-ACO-DMT [50 GRAM] [FREE SHIPPING WORLDWIDE],9,MicroDroper (10000) (4.83    )
WW → WW,$702,50 Grams 4f-mph,9,discountRC (50) (4.95    )
EU → WW,$23.9,Ethyl-Hexedrone powder 1g,9,DopeMastersNL (180) (4.91    )
PL → WW,$72.8,Lidocaine 99.7% HCL | 100g ☆EU☆ Pharma,9,BioCanna (1300) (4.84    )
WW → WW,$1.04,x1 Tab Reseach Benzon K2 Mix,10,rundownwaltz (0)
NL → WW,$26.28,1G 3MMC (MEPHEDRONE) CRYSTALS,10,PachoHerrera (8000) (4.83    )
PL → WW,$52,Lidocaine 99.7% HCL | 50g ☆EU☆ Pharmac,10,BioCanna (1300) (4.84    )
AU → AU,$51.3,1g of 4cmc (4-Chloromethcathinone) *Plenty*,10,CloudOH9 (6800) (4.84    )
CN → WW,$145.6,4-CPRC Crystal $140/10g (Free Shipping),10,Chemcabinet54 (20) (4.73    )
CN → WW,$6500,♦ 1 Kg - (U-4TDP) ♦,10,DexusChem (460) (4.87    )
EU → WW,$167,3 MMC (Mephedrome) 10g,10,DopeMastersNL (180) (4.91    )
IQ → YE,$1.04,x1 LSD RC Like LSD 100ug Tab,10,reporterreluctant (90) (5.00    )
PL → WW,$13.5,Benzocaine | 5g ☆EU☆ Pharmacy Grade,10,BioCanna (1300) (4.84    )
WW → WW,$935,4-ACO-DMT [20 GRAM] [FREE SHIPPING WORLDWIDE],10,MicroDroper (10000) (4.83    )
CN → WW,$161,♦ 10 Gram - (5F-PHP) ♦ replace A-PHP,10,DexusChem (460) (4.87    )
CN → WW,$165.3,♦ 10 Gram - (UD-PHP) ♦,10,DexusChem (460) (4.87    )
WW → WW,$338,10 Grams U47700,10,discountRC (50) (4.95    )
GB → WW,$3362,1000g Hexedrone (4MMC replacement),10,spiceman (840) (4.92    )
WW → WW,$265,MicroDroper's Super Lysergamides Pack [X10],10,MicroDroper (10000) (4.83    )
GB → WW,$67.2,5g Hexedrone (4MMC replacement),10,spiceman (840) (4.92    )
GB → WW,$537,100g Hexedrone (4MMC replacement),10,spiceman (840) (4.92    )
EU → WW,$4243,500g hexen ethyl hexedrone hex-en cocaine coke,10,PsiloManufacture (2350) (4.56    )
